"sha256","canonical_name"
"c48ae8e2b7cf63463c289c258637db92b5eeb78d22c369bb6381df78daca4bdb","MG 1/100 ACGUY"
"149434537e966f59c197c4d89b2dcae3d66485ffaaa26317ede6f98ce90b222d","MG 1/100 BALL (08 TEAM VER.)"
"e11d8f817fa3febd9aaa5c98c9ca7845ebf84631b86e669aae5ccb69b7ad17ec","MG 1/100 BALL IGLOO VERSION"
"9a58b2b7b4875420498913ba342b439e18deeeb7380492303cd61c3b6bbc73ab","HG 1/144 al-Saache's AEU ENACT CUSTOM Moralia Development experiment type"
"0d9950bf86bcaa71611970221ad2b055c04930970d35558a8eeba2bdae8fc4e1","MG 1/100 BALL Ver. Ka"
"90d312047320380f687e07f87cfa209a6a0d935192168a9432ccab448dcba326","HG 1/144 AMPHIBIA SET"
"a7d6042b13d49f972d160b355b3829d49971d4c00eee788a97dba961ef099d02","MG 1/100 CALAMITY GUNDAM (FULL MECHANICS)"
"b22f1daa2f68b79eeca78c5055b41ef2301e6f2909a330c1dfd49e8c007634d4","MG 1/100 CROSSBONE FULL CLOTH"
"2e91667a5ccac22318b088c9cacbc69e513114493451e5b67c2dc91df4e314b3","MG 1/100 DEATHSCYTHE HELL EW VER."
"017700bdcc0e8bb9905155b0280e8b36344944c0dfa5c06c9adbffe340b69841","MG 1/100 DESTINY GUNDAM SPECIAL EDITION"
"af570b79705274c2cf5a75898ec04e3a964196b4bed901cac4666c157a5a08d1","HG 1/144 BASE JABBER TYPE 89"
"595f1ce5e546f20c3836416f9bdfc5d1c6bcfab81e7ec24c122cf71f1e178f3b","MG 1/100 FORBIDDEN GUNDAM (FULL MECHANICS)"
"3f3955ce80a5d5c97f20be33a15aebd40b7f87169ebc40a4ed6e9349de9e6ca5","RG 1/144 Z'GOK CHAR CUSTOM"
"91c0eb588802e19ae3e99d6f8457b2105a83535760644defecaea6167c202f1b","MG 1/100 FULL ARMOR GUNDAM Ver.Ka [GUNDAM THUNDERBOLT]"
"70bcdd4be2b5be99a58942fd6c321482bdaf3d69101f05b45544060300b2adb2","MG 1/100 FULL ARMOR ZZ GUNDAM Ver.Ka"
"381effdf94b0caffc30257f84aa27c62e0f6773724fd7835f2f9d203f448b3f3","MG 1/100 G ARMOR REAL TYPE COLOR Ver."
"dd8b98578ea007e8b9f6a336fc53eba2dae9c1bc298165269d649a2b3bf17863","MG 1/100 G-3 GUNDAM"
"e9baf2dfc061af4a4060981798d5f3806d778492d37cd42df435d42975c59ad9","MG 1/100 GELGOOG"
"29fe30f56815b0e7ff197037beba0413d51c1061c44d5b2d27a12053492caa30","HG 1/144 BUSHIDO'S AHEAD"
"393cb56ba5a6713c393686df5da0b9849f0bedec9058d46036d4a557e10cee95","HG 1/144 CHAR'S ZAKUII"
"6898f53d0a61b0d068afe8435094b8564928bc54817f0b8ab4425feb43f1820a","MG 1/100 GUNDAM"
"714343ec2f312c736bf72e4546ee529b95c580635ed3f211af17a7c0d70224a6","MG 1/100 GUNDAM ASTRAY BLUE FRAME 2nd REVISE"
"8c190d47d4e201a2aab96a40a1181eb2d2115a069c6f7ba701331e0615204feb","MG 1/100 GUNDAM EPYON EW VER."
"8f9841c5d36dd8b3a017aa939d350544d14ba8d56bd5d0062c322122abed7940","MG 1/100 GUNDAM F91 (HARRISON'S)"
"1b439f51f484c985093c0e51909211816a49d35498881da8f3027b6893708ca0","MG 1/100 GUNDAM GP02A"
"5b399ba2293fab5a32491dc70c250acbd444d4936fe44c55df5f1ba062161f96","MG 1/100 GUNDAM HEAVYARMS EW VER."
"3bae86a4d6274cce4e4bef75199d3201f9644b808f0788ee130749fa2ef3160f","HG 1/144 DOM TRIPLE SET"
"7b227f286d22dbdcb64d5e15f5e89cc03fb7e237b087c122095c37099bdf4d7b","MG 1/100 GUNDAM Mk-II TITANS (BLACK)"
"c66df1251fe54d58a4b81b439689da7ae68a859a6e3ff0286a5fee7d5ecd27c1","MG 1/100 GUNDAM Mk-II Ver.2.0"
"0692db0df4ac66defa87475d629a3cf32aa02a09a815adbadab8d7e363396fb6","HG 1/144 DYNAMES TRANSAM MODE"
"f9cd6e25ac90c7f11a9f33763ffa310af65ffbacb07b67c6d2c25caf7c4e57bc","MG 1/100 GUNDAM SANDROCK EW VER."
"5584dc4dd765897d678328bd11eb10348814691befac7db60bec42af7bd2ca5e","HG 1/144 ELF BULLOCK (MASK CUSTOM)"
"428cb69f4e88d4d9293a456112184a4733392654da5e53190aa55f6bf08797e5","HG 1/144 EWACK-ZACK"
"98f8edc26abce6ea2ca9958609ebd59a520a71fc031a1595f2f076911c89dbd8","MG 1/100 GYAN"
"fcfe3ebef477659bea78a293f0ffd53684a6b297ba2e1c17b19f18bd3dbed429","HG 1/144 EXIA TRANSAM MODE"
"44228fe6eb4953406c6ab2fd8479ef35c7cac297f6f439489164a7aec18ff720","MG 1/100 Hi-NEW GUNDAM Ver.Ka"
"36404e115617ed5d0ce202da50a042749982e397e3c65e96f3fc9b3f1ab20808","HG 1/144 F2-ZAKU (EARTH FEDERATION TYPE)"
"47b0be231bc8fe6ded0c92bea6acdcbd9cb5a97d39b745bd692ac631d29768c9","HG 1/144 F2-ZAKU (ZEON TYPE)"
"98773600112dc96b6261dbd78ead9cb35e00d5a5dcef68f77d4172c7d272a713","HG 1/144 FULL ARMOR UNICORN GUNDAM (DESTROY MODE/RED)"
"b7e73c08221a8c31df940810c53f6fc7dd4c7553bde4701f68279bb4099e9266","HG 1/144 G ARMOR"
"3ba7a2123a2fe05c4750e6132940e7d1184d2abb3049a65b340d21bef8382047","HG 1/144 G-3 GUNDAM VS CHAR'S RICK DOM SET"
"e8d0cd705dc4898e54b2a1488f7ddba99db753757ce81c378f0a051a3ec37771","MG 1/100 MASS PRODUCTION GELGOOG Ver. 2.0"
"057d8e88c379aee2c5782eca74c9680fd9ab62aa338ba168c16aa4ff03947fd4","MG 1/100 MS-05B ZAKUI(THE BLACK TRI-STARS)"
"eef00e482c2729eff64c69889fc54267fc4f00a1a9dbe0658ab02a309d718a57","MG 1/100 MS-06 F2 ZAKUII"
"fb1783234d2ccaf3041ad0a69acc01a238722b22d0ade0cdf60ad355f6c9013e","HG 1/144 GAFRAN"
"fb6e43821a1f38b1f8ee0d3ba98272bdba174c84dd4c5b793a3509205ffe9917","MG 1/100 MS-06F-2 ZAKUII F2"
"58d06eacf7888c3610f2e54724b412a522276974bb336f1cbfb34497995fcd24","MG 1/100 MS-06J ZAKUII WHITE AUGER"
"78c41786b82ae05f811d946043b1cbadf73c4eb8f5843ff8e0d5e497295addc1","HG 1/144 GARMA'S ZAKU"
"1468ec626de410c04cfdd072316b719d68f2c6b0cf199aa65f97a625cf898be4","HG 1/144 GAZA C (HAMAN KARN'S MOBILE SUIT)"
"8947d217dbc9f7373985397955276ae9d8c4958106662e7f7c3b46c8da663015","HG 1/144 GAZA C (NORMAL TYPE)"
"e61c859f18b7b683c90d72711cdaf7c4afad1bc3a3abf6805d210098fc87230f","HG 1/144 GEARA DOGA (REZIN CUSTOM)"
"c5c7089a1a75f127a766f0919cec8b4094911c76d88eb2130ed040cb42306c69","HG 1/144 GEARA ZULU (BODY GUARD TYPE)"
"e7d1df2db87681be7fb357c0ef4206be3ce400fc623b082db565778ce84d734f","MG 1/100 MS-14 GATO'S GELGOOG"
"9149b4e99b37ddeedc2d0844be7a0908812c6523389aa889125bbcd96bbe8c9c","HG 1/144 GEARA ZULU ANGELO SAUPER'S"
"a5103f5297e7ef521ced77bd230b3422d6b34cc49909caafccdb7fb11edceeea","MG 1/100 MSM-07 Z'GOK (CHAR'S CUSTOM)"
"8b0443a6ceaf11ba6b91c5471b83104e35e0cada916150624acee6bdff78e54f","MG 1/100 MSN-100 HYAKU-SHIKI"
"57f529106b12931cf5b63adb6b9a37c0a46c306994d1305e534d058b39f6d8b1","MG 1/100 PLAN303E DEEP STRIKER"
"18021caa1bccb0b14dce00886fe4507a925269029646b002ea068a3ae52243d0","MG 1/100 QUBELEY Mk-II (PLE TWO)"
"1b1cc9849765b1805980dda7dae8f601c7a6f116d8acded8523ef122ad3a834c","MG 1/100 RAIDER GUNDAM (FULL MECHANICS)"
"4e316134ca882781e33035c6b8a40a74802e8a7d36e3c544e2d897623bc83bbd","HG 1/144 GM GARD CUSTOM"
"dd13392ef160eb8d8ff6f2e105a046da31113fd1bef49241c70aaf7784b692e4","MG 1/100 ReZEL TYPE-C (DEFENSER a+b UNIT/GENERAL REVIL)"
"68b7a1d1766ac8d9f320feda7c5d390c78753cd4e68e577ca32c1dc755cf0789","MG 1/100 RGM-79"
"4ad45f8645f33558893f78869dba1f6b3468aeb929b65de3246985ac7c0d4d86","MG 1/100 RGM-79N"
"e473ef0a86f5e824300743a3a7275d41528283fa0d411043adf73a3a338ee4c6","MG 1/100 RGM-79Q"
"fb67e28b57e3eed131fbb2f476ce3baf86833bb78d89343b0ca5b60980fbbef6","MG 1/100 RX-0 UNICORN GUNDAM 2 BANSHEE"
"b3384a1173500d563b6a5c4ebd45f8fe27aeb00875777237af38b707228ba943","MG 1/100 RX-78 GUNDAM (Ver.1.5)"
"3df887b40f20e9dc46e673978e261edaa2fac298d5404670cf45b7ef8a5dfa40","MG 1/100 RX-78-2 GUNDAM (CHAR'S COLOR)"
"641bdb28be8fabfc6287fe428ac96f343e3a605ca509bcc4a1c01b79a5b7fb22","HG 1/144 GN ARMS TYPE-E + GUNDAM EXIA (TRANS MODE)"
"2e83c1810820c48dc9f42b23b204832c3a29c8e8eef339c7ee1d392ab318ba3d","HG 1/144 GN-X III"
"50f95a294713a22d4e9812e51e807c5dd25fe6d40845179afb904eb75a7a40f4","MG 1/100 RX-78GP03S GUNDAM STAMEN"
"7e96442c8f9cca7907e01aedca1b6821674e1ab095542d97be2266db1b1734b8","MG 1/100 RX-79G GUNDAM Ez8"
"6d1780472c2a1beae4a9730e92af59c844b99dfffc16c7273670134c5e41e2f5","HG 1/144 GP02A MLRS CUSTOM"
"26a63083fdfc2090e83cf5612487553f04e3feb7b849fac80c0ac02d57c10cf0","MG 1/100 SINANJU"
"698364ae8a77d6cdce5c8b7d140b067e198a0b81192f2412af857c6457f08a73","MG 1/100 SINANJU (ANIME COLOR Ver.)"
"873d032c8fcfafd47f06b4126ce486644e574690bd983d72d97526e1738e7cb1","MG 1/100 STRIKE E+IWSP (ASTRAYS LUKAS O'DONNELL CUSTOM)"
"e8713b22de8f2881ec6726c0f76671d7c381305a0191cb14bc846fd3dee95f65","HG 1/144 GRYPHIOS WAR SET"
"aebbdd64a7519f38fa8af2c1e087f8d65284bb312352064e90ef148c63405aa6","HG 1/144 GUNCANNON"
"5a8c4537eba5d73bbeeb91981622b7dae4f8306d371a2b101e52ead8e681835d","MG 1/100 STRIKE GUNDAM LAUNCHER / SWORD"
"0868f8e8abbfb76c94bd20870b913c5c198ac42f8c564f248beaa635a0d2e368","MG 1/100 STRIKE ROUGE (OOTORI UNIT) Ver.RM"
"8142ee6b62bbe0303a8e1e980e775b8e6f2497f5e97eb71c63b4e52f8372d14b","MG 1/100 TALLGEESE I EW VER."
"e2b9d6e82cd5d5d4852da558f8fb8ff7356428d23b386f2f49b87817d400f637","HG 1/144 GUNDAM AGE-1 FULL GRANSA"
"b69d6b5f638c57985304756e9653bb6a6516bb205e36a67931854107f8be77e9","MG 1/100 UNICORN GUNDAM SCREEN IMAGE"
"025c6b0f48865a18c99eabdb3eb1e2b01bfd36a209c13c9f6fed3775fd9deadb","MG 1/100 V GUNDAM Ver.Ka"
"1ae5b2a70b964ebab63b7295181dece92b305dae6e5259aae79b587a99d2007e","MG 1/100 Z GUNDAM Ver.2.0"
"dc9a80cc367b0c902a2360638564bf16ffeb34364c52b4e37f19cd77a1106832","MG 1/100 Z-GUNDAM"
"bebc3e12eb1214f29acb5d586c53fcba7777b60fa1f13aa8709f56930a1e20e8","MG 1/100 ZAKU HIGH MOBILITY TYPE ""PSYCHO ZAKU"" Ver.Ka [GUNDAM THUNDERBOLT]"
"9bc4adf1347a331f51f5cac7d3a5fbef797bcd86cb4074bfea2153e85d2a81c2","MG 1/100 ZAKU JONNY RIDEN"
"2a297d4567480d405d5ca9a7fdc870b6bf47f44d381e55afd41c5953a57d2996","MG 1/100 ZZ GUNDAM"
"b11648bf389a43ca3933d032ccb4da66298563a8b59a4cfa499d2b5086379935","MG 1/100 ガンダムエクシアダークマター MG 1/100 GUNDAM EXIA DARK MATTER"
"37e107c606abc415a06c169842608ea6746b1d85c09c04355f5f6b5d6f8a767e","HG 1/144 GUNDAM F91 HARRISON CUSTOM"
"397f75e7f77fa1a5b749e475e230665c158567fcc9dd06cb1dd78eb3ef4c9347","HG 1/144 GUNDAM GROUND TYPE THE08 MS TEAM"
"ee261bd673b4dbeb72a1015d711bf24040651026640f30b640207f67b58a50a3","HG 1/144 GUNDAM LEGILIS"
"84d025f9655488c98cb231486eb9f832549f0cca12655c9d7e7e87e3919182ba","HG 1/144 GUNDAM LEOPARD"
"6d128ac8b1a5416de1f1bf796767f1a87dc2763b7d21b88bb3f8e1340ead6088","HG 1/144 GUNDAM LEOPARDO DA VINCI"
"95d3aedc402b3d2a8a721bf00a85c5ce541570c3d8b67e856a2a54c4df9f820a","HG 1/144 GUNDAM OPERATION V"
"08b51f30c33dfec1dd0bc034d546912c83e35df5e364fd635a830fcf85069d2f","HG 1/144 GUNDAM X D.V."
"d2a63c17b708f0e7b501480b8eb267f0ff453eab7e7e7aa9d3b66afde344b95e","HG 1/144 HAZEL CUSTOM"
"532faea8305a80b15474f04ffde0a99103b942eac8c8e2f86b38d79911fee482","HG 1/144 HAZEL HIGH MANEUVER"
"2884cb0efd85db8408e4306ce2554c8a0adcc7e6af0988cd6b6a597214da1691","HG 1/144 IMPLUSE GUNDAM ARC"
"35d709a65546a68732a0ffe82deba58635c084105f81af372861fe8b490db189","HG 1/144 IMPLUSE GUNDAM LANCIER"
"56c55d4020024dcfdbd2f08a3f5789b9c9634bb0354bfc6a5381cad36eaf5413","HG 1/144 JAGD DOGA (GYUNEI)"
"cea11c612632f819f3ab9acc4bccb1a67a30cc92213c474c05ec63872a5edeb7","HG 1/144 KYRIOS TRANSAM MODE"
"832722a055035f9ce5f07aed6dde9ce7acb595573f4ffba9363f79d65b34bb3e","HG 1/144 MACK KNIFE (MASK'S USE)"
"eaa127950ba3cab5665f4dffa0212cc5d0c1e09e1386926eb348c460f6ccff18","HG 1/144 MEGA RIDE LAUNCHER"
"ef91f7a8882a97fb3e4a75316f7b046f4325b0547384d343d31c5dc251f293d0","HG 1/144 METHUS"
"a167901100d6b845cbf71a5db4b5e81ec8c866e117ce8c03298f7eca70d795f1","HG 1/144 MONTERO KLIM NICK CUSTOM"
"5f8c00ce07b5cb1430e447fc0f0a7cccf67a748aba71684d2b385078115ef07e","HG 1/144 MS-06R-1A ZAKU II BLACK TRISTARS"
"e7e5b5e93862b9a21ccf0dd51fb85d3ba22dfc62f17dd195d8de6913278a05db","HG 1/144 MS-06R-1A ZAKUII GAIA/MASH CUSTOM"
"2dfc53e157f1ae820911012a4f3fc73ff9f9a92a9093b0ee3c0e8cf0716d5348","HG 1/144 MS-06S ZAKU II PRINCIPALITY OF ZEON CHAR AZNABLE’S MOBILE SUIT Red Comet Ver."
"13d2d76a6effd43c55d65066cb9b51d5a3736c6d4feb37b685e44bf9a960c88d","HG 1/144 MSA-009 RICK DIAS (RED)"
"279bef7e2e570c782ab6b5dbb169184fcc9c797b2d06d64f8e7faeed09119de0","HG 1/144 MSM-07E Z'GOCK E"
"679e12193d5c30783365f06e6d43cb317194658f642a5f51e33e4da5a572ab0e","HG 1/144 MSM-07S Z'GOCK (CHAR'S CUSTOM)"
"5fba6201997e4c723dd2a5edb5291dbe70fc721ef968f29fb519bf84b716c79f","HG 1/144 NEMO (Z Ver.)"
"64ffe11db1d47ec19c541a45cae05a6e20427ccc80b004820e50c94dc370501a","HG 1/144 R01 AILE STRIKE GUNDAM"
"6e864d59d65e2619520ddfe3d00d1cb17737326b63a2cccf876ac890b34b6d0d","HG 1/144 R02 DUEL GUNDAM"
"d1cb18b9436439e0ec8e8a7a129155b0413beb8162ba57c34f3d1e6c26c8fd0a","HG 1/144 R03 BUSTER GUNDAM"
"94da6fd0576becdb5fde66ca4dc8873736927e13204fe31ed60213ac1f1e355d","HG 1/144 R04 BLITZ GUNDAM"
"fbb4daf0119419921727bda93f859be3ba0443c1280f328afa5795831e59d69b","HG 1/144 R05 AEGIS GUNDAM"
"f1d92a6157d5d3745cfbfc2d7ae1a12aa68937ac5bcb3db4da8b4bba59cdb876","HG 1/144 R06 MOBILE GINN"
"4a0fd2890c2c072b572fc33da39a81ab721123795b60e81bc2ae35c31bf6dfd8","HG 1/144 R07 MOBILE CGUE"
"cadab7318b1a1a0a39332de345a1eccd41a2c842fef3226245463278896bfc9e","HG 1/144 R08 CALAMITY GUNDAM"
"c3e6402b65d454548c0a6ccf588fc584f7d153a47c68bf491e840bdb623b0a47","HG 1/144 R09 FORBIDDEN GUNDAM"
"5d5d13cc1cf909bcf2b9eedf1f44dc6584f101573b7aac9516b374d81343d37f","HG 1/144 R10 RAIDER GUNDAM"
"e17670de15a6a26479b30d02a5ecf6c7ff4aad7e5b5b33f439b37df31e234794","HG 1/144 R11 LaGOWE"
"9e7012dad7c92b596c9df8ad1c9fec3ca756a77f6a5141219425cf761308be7a","HG 1/144 R12 MOBILE BuCUE"
"8c12b996440cb674f44e0696aa736e9f19401f6cc5bb1c614a56db7ce8d66ec8","HG 1/144 R13 PROVIDENCE GUNDAM"
"4156548d2531594df10e2389d9404e35908fe90c7cdb0906f0d8417d0b32f7d2","HG 1/144 R14 JUSTICE GUNDAM"
"0b2387f0b542175b756d76b13b9cb3c2177a2352a6c6e0dea3ac3bddaaafbabe","HG 1/144 R15 FREEDOM GUNDAM"
"6f9ca0176a6b2460dcb5a5b68d1e346487c02e3b1b62abb6e105c9ab1346ddfd","HG 1/144 R16 M1 ASTRAY"
"b41ad70c72bc64633e220249a361e7aeb9b641be99f3426ab71e7702a1ec65d5","HG 1/144 R17 PERFECT STRIKE GUNDAM"
"278635481f3618133c5b7753282d5988036c05fa1784696e420004674e0687ff","HG 1/144 ReZEL (CAPTAIN MS)"
"dc6b9c942304f2c52fa62810426b60ceaf3a5caea7d4b3c480a37f597736f7e6","HG 1/144 RICK DOM II LIGHT GREEN VERSION"
"7a739ed6ec432f4f7173ee056f8524df7b6c58919a43803cf1c61a0b11c73f82","HG 1/144 RX-178 GUNDAM MK-II(AEUG)"
"10acaa45c7fe6ba5103ea4fc78671fed8cd8afc3531a3fa817d0b1906937d584","HG 1/144 RX-77-2 GUNCANNON"
"ffa92a5baddaa4eec5e1e78f2e681c756766cb76752916a889d637695bcc8b6e","HG 1/144 RX-78 GP-03 DENDROBIUM"
"85d706e5db66d47f548feb2ab9b13412cc8faffaa795ed84c4a29eddb87c8ef6","HG 1/144 RX-78 GP01Fb"
"eaf95a5202913e0a6a378226d36b5e5292fcc82151e261b88b62c57d742976af","HG 1/144 RX-78-3 FULL ARMOR GUNDAM 7th"
"3180f83f53197d141b703c285dc968c22f8fe8981302cead5d27c8e5c21b56d5","HG 1/144 RX-79G GUNDAM GROUND TYPE"
"332c9e797ddc47fc2ae7af20b97f13c8d8d7b16f3728697cead9844c6f538b3b","HG 1/144 SERAVEE GUNDAM & SERAPHIM GUNDAM (TRANS-AM MODE)"
"2457ac7d1c9bec416ff1ddd8979bf99f1efa3dcd9e02495259b2268097901726","HG 1/144 SHALDOLL-KAI"
"f047d0d9dcccfbac4efa4bde785b94bae2d616e6cac1f2e4aa33ae62cb0bbd56","HG 1/144 SHINNING GUNDAM"
"baa0786c89ecabd4e5caf65516fdec327270ba6879c96df3d06024e2a79adcaa","HG 1/144 UNION FLAG (GRAHAM CUSTOM)"
"8f6c018b33a8a175bc5451cb3624b44795d762ba755ae21093c48c0e2add34b9","HG 1/144 VIRTUE TRANSAM MODE"
"b4aff2824235eb2aa482fd78be205b96e5d9c188d307688f44d2c569bcf5cd24","HG 1/144 Z'GOCK"
"cf7410b3b06cd2bb5f5d334a8c9c203dfb92f21e133f0d339a96c4a0d89b71a7","HG 1/144 ZAKU GROUND ATTACK SET"
"81679cfdc081329a765e7b3b019d28922ce09a768337a76d03bc100d16a1094c","HG 1/144 ZAKUII MASS PRODUCTION TYPE"
"5dc53c552dc38a305ccaa4f490181824dc42d895f8cc431128e58ad59856fb22","HG 1/144 ZEDAS"
"acf29f0eeea79ab21a0f8f239215929a11f81a6713bffe1003d262ca485a9a26","HG 1/144 ZEDAS R"
"554756252a0ece7dd4238181e2266cee9dc58084cc1dabf4c49a1042f8585c2e","HG 1/144 ZEYDRA"
"a67e8e091f5d93e62d1edaad384f472b0b81ac2ce42adb01fed4554bd12cdf10","HG 1/550 AMX-002 NEUE ZIEL"
"cacee2921efbba23785c993f41497dbe0fc11dc72b77271d4d961a5cebf43cfd","HG 1/550 MA-06 VAL WALO"
"2eda7205f47e02723320580488776bc8c350bcfe8d609b15c0083b57893ce96a","HG 1/550 RX-78GP03 DENDROBIUM"
