sha256,canonical_name
693cd55fbbc579bf927ab71370d4c5d2f4f512a8f9d102d1c1af7227c1cef028,HG 1/144 THE GUNDAM BASE LIMITED G-SELF PERFECT PACK (Reconguista in G the Movie Ver.)
50a5273f94028e657d065c0ece852f47aba16ede6017274e51d33538b5295a76,HG 1/144 THE GUNDAM BASE LIMITED GUNDAM FSD (with PROTOTYPE LONG-RANGE BEAM RIFLE)
25a5e57499939e48e11ead5cf24ce86ae843a25f9f60129ea82a5b4a4e5a7959,HG 1/144 THE GUNDAM BASE LIMITED GUNDAM CALIBARN [CLEAR COLOR]
4305fddcdc3240105a7d0262512044d9050900d973a724803385d98425406be5,MG 1/100 THE GUNDAM BASE LIMITED GUNDAM KYRIOS [CLEAR COLOR]
8a91fdc04d9e2775f862a1408948a3ee69a48dbe494fd4104524b01e6012af73,MG 1/100 THE GUNDAM BASE LIMITED UNICORN GUNDAM (LUMINOUS CRYSTAL BODY)
d9c4f5c92dd43c457f2809c9e4923dc24a55ce0859b038a442ab136b59302583,MG 1/100 THE GUNDAM BASE LIMITED RX-78-2 GUNDAM Ver.3.0 [TITANIUM FINISH]
936337d80ea1b25e51a36ce6b740b7ebaa7a802c06c96fadacb60aeb48f048e6,MG 1/100 THE GUNDAM BASE LIMITED OZ-13MS GUNDAM EPYON EW [SPECIAL COATING]
b291afdcccd4ddddd7590e2ae8cb2afe496dd6d74ec517895f3483a4cdc880b0,MG 1/100 THE GUNDAM BASE LIMITED GUNDAM BARBATOS [CLEAR COLOR]
b896a4bcadae8727ea78866e8fb71bffe1d98c36e582501a6b1651e5b1cde06d,MG 1/100 THE GUNDAM BASE LIMITED V2 ASSAULT BUSTER GUNDAM Ver.Ka [TITANIUM FINISH]
0595e3e7b23cd5a5d3422416b4efe2b96eb17e5ca4df73b5201677d63182cb10,MG 1/100 THE GUNDAM BASE LIMITED UNICORN GUNDAM PERFECTIBILITY
fc8dec4560218cd8d3fc39ac2222dc6fad9da432d0701ba66312696000469ea3,RG 1/144 THE GUNDAM BASE LIMITED ZEONG [SPECIAL COATING]
036be64a55270b5c34c1c6bcb8bc0b5e65a889f66f518b3b71577097a184f01b,RG 1/144 THE GUNDAM BASE LIMITED ZGMF-X10A FREEDOM GUNDAM Ver.GCP
7e84ea15b9eb8d73bb69ff514a931b5d69576f6109cacd83c169b7d7267b6dec,RG 1/144 THE GUNDAM BASE LIMITED RX-0 UNICORN GUNDAM (FINAL BATTLE Ver.) [SPECIAL COATING]
378d479a48aa9bfb475498af6fbbd3391dd803037772bb3324d67840f89f6895,RG 1/144 MSN-04FF SAZABI
cebfed0d99b73ae4f7fd70927b5b42d7bbe016caa0c4fe566860e937bd44ca75,RG 1/144 THE GUNDAM BASE LIMITED ZEONG [CLEAR COLOR]
ed1da654c7d7a247edd49c963bbfe9d4e9fd35cb12a30998781ffb09e5124e22,RG 1/144 THE GUNDAM BASE LIMITED ZEONG [CLEAR COLOR]
3f8b9302aba8bc1d32a66a05751394a6f6cb0ab2229314711d50a75d5b9bca25,RG 1/144 THE GUNDAM BASE LIMITED 00 QAN[T] [TRANS-AM CLEAR]
79cdd7ebbd1d0dc9da810a6b2b456bff04b20f9c4be73d8f025c6618f1364b53,RG 1/144 THE GUNDAM BASE LIMITED 00-RAISER [TRANS-AM CLEAR]
63756f25d5ae43dba8e461cf987911b2e2a9120c9de0368f4c3cda69c616f116,RG 1/144 THE GUNDAM BASE LIMITED UNICORN GUNDAM PERFECTIBILITY
54fe710ec6d6cb2694933c305b859ba8eb79bd9a0639796bf6c4a5a6a3a88d5c,RG 1/144 THE GUNDAM BASE LIMITED ν GUNDAM [TITANIUM FINISH]
7118c16ec80fa5e0782be0a5889ac551378e4f83f8308e14e8f18bd58d6ff797,HG 1/144 GM III (AXIS SHOCK IMAGE COLOR)
30800b72a49afe2a9d007ad5148b71bda47e118aa3140f64ee2f65f233c76580,HG 1/144 GEARA DOGA (AXIS SHOCK IMAGE COLOR)
68ad9c3b14f2bdb9ee2548c1e8e75e604f898c24a0b6db86f18009ada73042ec,HG 1/144 GUNDAM LFRITH ANAVATA
32834b2080796dcc9c1768f23bbbc652c3f5cfde87deadfaf37e3a89e10467b2,HG 1/144 THE GUNDAM BASE LIMITED BUILD STRIKE GALAXY COSMOS [PLAVSKY PARTICLE CLEAR]
41f8ad6cbfa1274ba3752b167a120378c5d24534d96b932611eaff9651bea715,MG 1/100 THE GUNDAM BASE LIMITED DESTINY GUNDAM (HEINE WESTENFLUSS CUSTOM)
85dc56451925deac3916b52ebef85a58b69a0897d583927ffa3fa22ffe533594,MG 1/100 GUNDAM AGE-1 FULL GLANSA [DESIGNERS COLOR Ver.]
4a43ddeebdadcb2d68e2037f954c6d58ada1b49153065e84b035dc3d6b0fed90,MG 1/100 TALLGEESE FLUEGEL EW
d115358be748158a525b59974640dd3a6f62539548f1da911f9756c75b872849,MG 1/100 GUNDAM STORMBRINGER F.A. / GM TURBULENCE
0904d1c70253939694ba462d1751ad5141ddcd9751249beaf0c05b70f28f5aab,RG 1/144 THE GUNDAM BASE LIMITED WING GUNDAM ZERO EW [CLEAR COLOR]
67db16702d12a90b05c9cc7b7c25debe03262192c997e6155d9075a8eea989f0,RG 1/144 RX-78 GP01-Fb
055d25684c1f83fdba566ec48c1400ab19d9682fcd4cd18162c0abb3ba7df63f,MG 1/100 ALTRON GUNDAM EW
75a8cc928adc1d1daa26447d930f3253d944e06df3ad72f27e05dd074921da6a,MG 1/100 ASTRAY RED FRAME REVISE
43e2793df54d012b8de1a1506b1909dbf8704b9073f275b017b77954afcde0b2,RG 1/144 GUNDAM ASTRAY RED DRAGON
4503fba196685bbfbcbd36d10b7ffef4586096d4960310d893df8aa2bf56c05e,MG 1/100 CHAR'S GELGOOG ver.2.0
45097e7a7c864606e01e5d2fa3646620d098ff7c08dd853141710f91f0b1c7ee,RG 1/144 MS-06R-2 ROBERT GILLIAM’S ZAKUII
46bd5aea697dc57a5ca1af841b0c173ebd0ee6d1e9a492f0eecfedf509852fea,RG 1/144 OO QAN[T] FULL SABER
b4ed374a0788fdc2c9f1664c690111ddd2ed4b5dbfa8ea2e15c49977ae6032c8,RG 1/144 RX-78 GP01
c97e50cd6a4c850c7c4ba74b157d7ea888c125f12079899193785c1b5af958a6,RG 1/144 RX-93ff ν GUNDAM [CLEAR COLOR]
959619031eee7d20600be2085f99d1519670566debdb61a840d8ee1b53b37635,MG 1/100 DWADGE CUSTOM
a9cfb5c14f5b15cb7b0833eb7e1d03ef8fc76ac1aa99120815be6f3d6a199610,MG 1/100 ECLIPSE GUNDAM+RAIJIN STRIKER
c3dfa71cbd3b1318ec2104cf546bda7a201e2e931adb29bcc0b7fb636e57f5df,RG 1/144 THE GUNDAM BASE LIMITED 00 QAN[T] FULL SABER [TRANS-AM CLEAR]
1e6bbc6384d783d5ad4e5463a67aae1c4415d4cd02f57e7231a52b81c0ea2648,RG 1/144 Z GUNDAM
4e3a8f57e3cf1c22da0db154a09d961cff7763ccc6bd55eb8f98f93ea871fee1,MG 1/100 GEARA DOGA(UNICORN Ver.)
5d7cf244f1120350af423abdbef7a89faff3f0545861ccede7cb363b23440e86,MG 1/100 GELGOG MASS PRODUCTION TYPE
6e156a378c3e01dd644c19a6c7a6b8ef3c91babc1bfe7a4f26c6d79470db5b9c,MG 1/100 GINN GLADIATOR
deec03626d7352905a14b73c9b4675745a34ea8ce6584c9c47496b11e05f0b08,MG 1/100 GM CANNON (NORTH AMERICAN FRONT)
54140746c0092471daac459b0a15f427bb8a06c4cf6c129909d3ed0bf86168c0,HG 1/144 BYARLANT ISOLDE
cd87ecd52fd48eb258d237b33614741bf80cf665335a8cb77216a97abb43ef68,HG 1/144 CATHEDRAL GUNDAM
1d09741dabdbfafc5a5a0e1001a5ac7144c4f613555a9e742f7dccc808dd6305,MG 1/100 GUNDAM ASTRAY NOIR
ce5ee8fee54c424992ecd470387edf9f8d57c22a18980552cb06a3d6662dc6bc,MG 1/100 GUNDAM DEATHSCYTHE EW (ROUSSETTE UNIT)
f809e32c41cf53553d9ffcc950168ae57d179b2707c62d0ac5fb6d94a0d9c045,MG 1/100 GUNDAM DEATHSCYTHE EW VER.
517b76789d34722da2f6fb3bd360e3060d58875bb8be8b8dcb1d7076bbd7f807,MG 1/100 GUNDAM FENICE RINASCITA ALBA
43cc4cb3b4736c5729570208ac57cc2a9955a2bdcb62eaf8bd64376949fb9736,MG 1/100 GUNDAM HEAVYARMS CUSTOM EW
4a0ab29a86e0b596d405944ad0f9c4d8b0fb4f2457544ea4e48cad73a71d58b4,MG 1/100 GUNDAM Mk-II A.E.U.G (WHITE)
30c57b0d18b2a33d1571e781d40c071abd117233fa056c13868eae43136e7443,MG 1/100 GUNDAM SANDROCK CUSTOM EW
55dffe2cd297de3fd069c229a6a5cc0232d400837396669964adbb34b0557112,MG 1/100 GUNDAM SPIGEL
4ffcf688757ee539e22be269e85cf1411ad587ee90d041d6f69847ba3a11a402,HG 1/144 Ez-ARMS
627a775f09afed9fcb93c7fc94e1095721a552e4b5e031e3cd3f8eb6f65c6c9e,HG 1/144 G-SELF(ATMOSPHERIC BACKPACK&SPACE BACKPACK)(Reconguista in G the Movie Ver.)
77d11ad792b901fda36dfa7fb467e35cda27935bcee081c0034da09523430659,MG 1/100 MS-06R ZAKUII(THE BLACK TRI-STARS)
0ee0ce2092f239364e8c771d8dd3867db06a284554b76da8f1de0d25840fc3f8,HG 1/144 GAPLANT TR-5 [HRAIROO] with GIGANTIC ARM UNIT (A.O.Z RE-BOOT Ver.)
86fb49732d2959d5722203fe1f3867f8eae6d94e67e26e1b49fd6e9d98017545,MG 1/100 MS-06R-2 J RIDDEN ZAKU Ver.2.0
e304fb9ad944fd3515e41dc0c9e29f62b81abf21418a9f880eada1c8f9282941,MG 1/100 MS-06S CHAR'S ZAKU Ver. 2.0
959a188e261f6764ff47523ba72d3b8b2f0b9f95776fd2ea270f9f0a6b8301ba,MG 1/100 MSZ-006C1 ZETAPLUS
ca390b73c579f8f5049156b84522b6f1462635d2c292a81c159a4ae4f8555961,HG 1/144 GERBERA TETRA (ROLL OUT Ver.)
e419fb4776609c0d06146902297211a17e711eea2a453bf1ce720ab6c5240800,MG 1/100 OO QAN[T] (TRANS-AM MODE) [SPECIAL COATING]
0c7c5656779cba0a9bc1791c8558820a50e5be912f3c90d976938423ec7b0313,MG 1/100 PROVIDENCE GUNDAM [SPECIAL COATING]
673218e0e96a50f588c88f08a81b5ddc48df37d795971dca1786bea934942a2f,MG 1/100 QUBELEY Mk-II (ELPEO PLE)
15d451d7335ac7e9b9d1998095783f72d1924f620b9d51e8dbd8de4fb301c6f8,HG 1/144 GM SPARTAN
1124b6f59e1cd2c41da4d9ee594da19ef7a6356f7cd8a6ea669d835ba4981397,MG 1/100 RICK DIAS QUATTORO COLOR
09ca8254a0b3c17789a2904677c75981d615264dac659a2bc1f6689ac21349e5,MG 1/100 SHIN MATSUNAGA ZAKU Ver. 2.0
1f02aaff5ceca564f2f08a3b37f35fa674d29aa4e617461ff316702c851ef14e,HG 1/144 GRAZE ARES COLOR STANDARD TYPE / COMMANDER TYPE
7b2f90fe698d87ba6364d8a3e1e41ff8daf111dbd6f55c9cbdfdfd26052569a5,MG 1/100 SLASH ZAKU PHANTOM (YZAK JULE CUSTOM)
7a409101fb5d91a7e16cb71ffe3af87929b83101f68de54be9d0cf16f0bc2586,MG 1/100 STARK JEGAN
1d063a63d2edac87a30f8c89809396db295a03f3298580d1fc0a8932f3b97dc3,HG 1/144 GUNCANNON FIRST TYPE (ROLLOUT UNIT 1)
b94b879ec4cca28026c681a80ef4018ab479486ebf3a79cc850fce5e98ad25ce,HG 1/144 GUNDAM AESCULAPIUS
1dc69750486221e47e968144e1f0aaa1bce2a40f4e655499248ed0b06c46e23a,MG 1/100 TURN X
6456fc426e3fe8c0c28ecb6e9dfa134092796f61f017012ffa7ba1cd65e980aa,MG 1/100 UNICORN GUNDAM SCREEN IMAGE SPECIAL
8258d901a9b686aed515829ff250dd5534214d0564941e7b9b929c04c3fc6b00,MG 1/100 W GUNDAM ZERO CUSTOM
4eda5c074dd502abc60c3aaab583167514ced4fc2ae1bc0f289e6de25f8a8af8,MG 1/100 Z'GOK MASS PRODUCTION TYPE
79d80bc868ee1ed4b57c924c118a02a86973ae190959cd9976e33835a5ec6723,MG 1/100 ZAKU SHIN-MATSUNAGA
68cf8f30475db1404b8765d658b4729c211b5627461f9a5de9d8332091e0d70b,MG 1/100 ZAKUI(RAMBA RAL'S CUSTOM)
e666572b702e6e80b596d247cce00c5efbb8fbe4ce8d86b8d586689f3323e677,MG 1/100 Z’GOK (GUNDAM UNICORN Ver.)
08c4c945e52a4fe5a9ec6c440aba144841d9897c5244c62beffcb2c53a173b9c,HG 1/144 GUNDAM BARBATOS & LONG DISTANCE TRANSPORT BOOSTER
1b430ecaa80c3a69a0eb3e50fc68780906601001c36c14693b70a700f7a36843,HG 1/144 GUNDAM BASE LIMITED GUNDAM TR-6 [WOUNDWORT] [CLEAR COLOR]
6d2aecb33b00080165d01227f8d2766ba875a051c165642cbf34fefc9b28bd67,HG 1/144 GUNDAM BASE LIMITED RX-78-2 GUNDAM [BEYOND GLOBAL] [GUNDAM BASE COLOR]
a598cdfe122a20ec240315d3a895250a9bc4b5b7b0bbf3626cb6fe97823f611c,HG 1/144 GUNDAM CALIBARN (PERMET SCORE FIVE)
6493ea16f22b3227abcb2568b45310edf410fabad59a99721a4709b62d464073,HG 1/144 GUNDAM G-ELSE(BEFORE)
c5f0d53a144ea0e750b308bb6760e4bc13c0eebc4aff55427ae1aea088e34714,HG 1/144 GUNDAM GEMINASS 02
15c61b7525e7a0b4a4676e6a4d22b0aae63ca485b9696628389eb67348b57e3a,HG 1/144 GUNDAM HAZEL TR-1 [HAZEL No.2]
e2bb48bc60d117dcf46777c162dccb0d5adca93da7978448a588e2cba38a997d,HG 1/144 GUNDAM L.O.BOOSTER
f734805d07c09df71a5f6b2dd65a8d55387a672fab54a92b499773c9ba487b0d,HG 1/144 GUNDAM LOCAL TYPE (NORTH AMERICAN FRONT)
50829b2232fffd83929b8c2196ae2f4e5970f142dc2a4011ad78f3ecc5f23d61,HG 1/144 GUNDAM M91
85847f4afceb1593eb14168c996dfe230a9664a4416342186af35cbe0ea96ff8,HG 1/144 GUNDAM TR-1 [HAZEL OWSLA][GIGANTIC ARM UNIT]
277c50e15713ed6bf9a7f6c4aa949a6c05404f3d66e712ba43a5715f9d884b10,HG 1/144 GUNDAM TR-6 [HAZE’N-THLEYII] (ADVANCE OF Z THE FLAG OF TITANS)
1d09f2e8acfa46f8a3e7675e25b793291acb2a6096e572e2efc6c8c82151e183,HG 1/144 GUNDAM TR-6 [KEHAARII] (ADVANCE OF Z THE FLAG OF TITANS)
948ff71c7919dc0107e1d3ddada389fc2d615e2bb4477abcce2a97ed475f8e3e,HG 1/144 GUNDAM TR-6 [WOUNDWORT] PSYCHO-BLADE CUSTOM (A.O.Z RE-BOOT Ver.)
bfd1387bee886431c8da9896e5c3dc737165c2cd47b60aa726a3273703cccdd6,HG 1/144 GUNDAM VIDAR
4adf80ec580a32754f92dfdf9f78ab27f4e57b69457ef83f421508f1510c6f0b,HG 1/144 GUNDAM X MAOU
1c90abb0b801cd85175bbe3fdd6b81a65c6122093f73482af62f98dbd84372a8,HG 1/144 HEINGRA
2a0234a9d648f2831d9926db72748f403003a8e7b9f1bd69f223d028c84924e5,HG 1/144 HI-ZACK (EARTH FEDERATION)
6f4633044806bbf8dbe62c7b0b5443311feee4e68c5d966ca8d623efefe8822b,HG 1/144 IO FRAME SHIDEN (TEIWAZ CORPS)
e12a0ec1d0eb2ae81a7f9903f8c831b31737f425f4f38369a645045247b30cb9,HG 1/144 JAGD DOGA (QUESS)
c46d777e1f0ef6a4c8ca94771c01bf152dbab3f09de918e6fdf282682883faae,HG 1/144 JEGAN ECHOES TYPE
187f3e3845d146514bb81ca68f70dc23f714978d69cd4663b6d20cd1733bb57a,HG 1/144 LIGHTNING Z GUNDAM ASPROS
9abfb93ed9ef154c6d82f0c815a3399d03d8492467dc2e494a35537fd24132b9,HG 1/144 MAGANAC (RASID CUSTOM / ABDUL CUSTOM)
153dff0948149c5a34a26247089fdc46063066a626b96a272e9992d6a81602df,HG 1/144 MAGANAC 36-PIECE SET
9cc2f1abfb7611022d1d1039456581d2d2567d4039d30e230b5c8c8668544d0b,HG 1/144 MANDOR GUNDAM
94470042a31efaccb7f60b428e97897fd27a2e3e84c035560ea86cb209029ecc,HG 1/144 MEGA BAZOOKA LAUNCHER (CONROY USE)
25b064a8014a0b7a788bcdf05f1ea923679f4e0e0e3f0d2930244ca9f298ce96,HG 1/144 MOBILE REGINLAZE (STANDARD TYPE)
8fa79c6d8330b0ceeca00e23fc786416a93f0392a1b02a2df6c7bfb60202d2c7,HG 1/144 MOBILE WORKER MW-01 MODEL 01 LATE TYPE [RAMBA RAL]
e3d31ded9895fe8a4c8b58738c500d4a8e39c3c6f16f71c3a66e68f0c965a016,HG 1/144 MS-06R-1A ZAKUII ORTEGA CUSTOM
ed51691da99a63fbf54c255fcb59ea12f3a06bfcddd163c513dd7efbcf7e1c63,HG 1/144 MS-06R-2 ZAKUII JOHNNY RIDDEN CUSTOM
85090314428657d12977f5ef10e605cda0c918a41916c243155e5ae6f16ed329,HG 1/144 ORGA'S IO FRAME SHIDEN CUSTOM
b74c0bc5616341ac0c1313571b4ad1e4536a7497ce1599c47483e2cbd04b01fa,HG 1/144 PALE RIDER DII (TITANS)
45761afe168d8b0abdfb88eec6a453955ea9d23cf8fd5a600a75803753bb118c,HG 1/144 PLUMA SET (INVASION OF CHRYSE)
6a93b5954cf392e665d6d58380335027f6ae8adea5e8bef7f9799df7d94c0f31,HG 1/144 REBAWOO
d9a1851983c908c6127606e001f071f4196fc14198b7f34f771346ac286caa02,HG 1/144 RICK-DO GYANKO
f2e77b342d0f4b4dade7eab1ba28b1664738f4f3fbd268f6c9aa3b7ba19d0b10,HG 1/144 RX-78 GP01 ZEPHYRANTHES
dc8260b96ce20214ac132ff13576402f10fc90113847fe4a7f8d997f6cc27fab,HG 1/144 SHIN MATSUNAGA’S GELGOOG JAGER
947547e040eafa04353b5e4b59f778913c866a844660f1d95e86cb47bfbf62d1,HG 1/144 SILVER BULLET (FUNNEL TEST TYPE)
bf6a035d3c49aa2982bf5d0eeaf77603054aaa6b669c8633eb10f1a0b9d18ff8,HG 1/144 SPACE JAHANNAM MASS PRODUCTION
5ac8ebd0aa48f8afc8df19a584fb200d2d945450ca2d50865fc47378a75e150c,HG 1/144 STAR BUILD STRIKE GUNDAM Ver.RG SYSTEM
f775eed246fe4a9b862379b09a75b047feddd08084c817a5e202e031b7b63d2e,HG 1/144 SUGAI'S GELGOOG(GQ)
26b35cbdd0f78d87b5281270017104a1cb87ebb43aaee85c1479d10d1a180f32,HG 1/144 SUPER FUMINA TITANS MAID Ver.
52531934e4d843cb1e12d7485fbb5f71c5d3c4ce398a7282f82697bc62f4e1ab,HG 1/144 THE GUNDAM BASE FUKUOKA LIMITED UNICORN GUNDAM PERFECTIBILITY (DESTROY MODE) (FINAL BATTLE Ver.)Ver.GSF
e14882b352c6e1a24a00ef6105bf900fcc94e257e77ee9d14bfeb11f5d5c3bc0,HG 1/144 THE GUNDAM BASE LIMITED DESTINY GUNDAM [SPECIAL COATING]
b6bc6cac0d57965a59b52d6bc801a1264628d6e92ebc71ec4432b1c5d5ec5fa7,HG 1/144 THE GUNDAM BASE LIMITED EFREET CUSTOM[METALIC GLOSS INJECTION]
b827e815caeb8e670c47741a74b66ba3d7315e466239b232fcf9de252a9302fd,HG 1/144 THE GUNDAM BASE LIMITED FREEDOM GUNDAM [CLEAR COLOR]
a39277b28302c4005e1e7d97accf044c625e430fa7556f70413de6a1aee4b69a,HG 1/144 THE GUNDAM BASE LIMITED FULL ARMOR GUNDAM VS PSYCHO ZAKU SET (GUNDAM THUNDERBOLT 10th Anniversary Ver.)
3b6868be33c3c287e5dd186243fdc2d48133b9badb91c768c36b73038ec17766,HG 1/144 THE GUNDAM BASE LIMITED GUNDAM 00 DIVER[TRANS-AM CLEAR]
5db095482d71739f99758c46fad700388f3c62db19f7d03d8ed2194ae3d62e3b,HG 1/144 THE GUNDAM BASE LIMITED GUNDAM ASTRAY RED DRAGON
a7eb5796c04bc086c14b91537b02540b763e69c14c463d6f1b6f854087db2b38,HG 1/144 THE GUNDAM BASE LIMITED GUNDAM BARBATOS [METALLIC GLOSS INJECTION]
d747b04d121d6643b2ec09351adc5638a1d3e88b35280b17b37fa8e6877eb78e,HG 1/144 THE GUNDAM BASE LIMITED HYAKU-SHIKI [GOLD COATING]
7955aae536c14d04afe0cdb32c73af0063809bfdd69164bef0c769c6aab9a7e9,HG 1/144 THE GUNDAM BASE LIMITED MS-06C-6/R6 ZAKUII TYPE C-6/R6[PAINTING MODEL]
417cdd7df3475f06ba10f228a8c6485fa8338eec4c68105085734c13c40eca6e,HG 1/144 THE GUNDAM BASE LIMITED NARRATIVE GUNDAM B-PACKS
749ffc38d46bd7c3f5137e7b3b505adc59ca379e5c450a36f56b32ecca4bc8f9,HG 1/144 THE GUNDAM BASE LIMITED RX-78-2 GUNDAM [METALLIC GLOSS INJECTION]
685078be1ad32494db3cfd1ee53c9abf59570982ea7001b0dfb1b0541e2c56fa,HG 1/144 THE GUNDAM BASE LIMITED UNICORN GUNDAM PERFECTIBILITY(DESTROY MODE)
6be82d1a3af718f40f17aea7943465da7baaf185e31f49db91331998c5000e2c,HG 1/144 THE GUNDAM BASE LIMITED ZETA GUNDAM UNIT 3
2614e0ea1f96e3e0e726b7fa6da797106051d4ce7d18a6f9f0f1ef20a5d55bcc,HG 1/144 V2 GUNDAM
8a5376643cb45f498c12b48d1d87d416476f203f3c78af35c66820e618cfc50c,HG 1/144 VAYEATE SUIVANT & MERCURIUS SUIVANT
0d77bf77378152107393effe217fb6e249653b3bf8d7c9f86e472195a33d015b,HG 1/144 WEISS SINANJU
34d5283dc4365c2997df889c78bc210bb218866ceddbba14a1449a079da88111,HG 1/144 ZAKUII F TYPE LeSEAN & ZAKUII (UNIDENTIFIED TYPE) LeSEAN (RFV)
ec75254aa3362e1e136ce97bf36f7eb6c4653a7bfb68f828acf2a943f3330654,HG 1/144 νGUNDAM (HEAVY WEAPON SYSTEM)
